{
  "lx": 0.0,
  "rx": 1.0,
  "ly": 0.0,
  "ry": 1.5707963267948966,
  "h1": 0.1,
  "h2": 0.15707963267948966,
  "cntIter": 1,
  "u": [
    [
      1.0,
      0.9876883405951378,
      0.9510565162951535,
      0.8910065241883679,
      0.8090169943749475,
      0.7071067811865476,
      0.5877852522924731,
      0.4539904997395468,
      0.30901699437494745,
      0.15643446504023092,
      6.123233995736766E-17
    ],
    [
      1.1051709180756477,
      1.0915644301481415,
      1.0510800032557421,
      0.9847144983486503,
      0.8941020544121618,
      0.7814738505414529,
      0.6496031669073987,
      0.501737097394777,
      0.34151659537433793,
      0.17288682134718483,
      6.767220136660419E-17
    ],
    [
      1.2214027581601699,
      1.2063652634055426,
      1.161623052169103,
      1.0882778261823787,
      0.9881355883280114,
      0.8636621728550089,
      0.717922528355898,
      0.5545052485603963,
      0.37743420924792653,
      0.19106948707144872,
      7.478934891253003E-17
    ],
    [
      1.3498588075760032,
      1.333239805692474,
      1.2837920150235635,
      1.2027330042833495,
      1.0920587153356887,
      0.954494316481379,
      0.793427099770278,
      0.6128230746292584,
      0.41712931154768706,
      0.21116444044299607,
      8.265501339994076E-17
    ],
    [
      1.4918246976412703,
      1.4734578600721495,
      1.4188095998617773,
      1.3292255385437113,
      1.2069115330200553,
      1.0548793600437132,
      0.8768725562792166,
      0.6772742400059586,
      0.4609991841994201,
      0.2333727985093164,
      9.134791704276748E-17
    ],
    [
      1.6487212707001282,
      1.6284227759617165,
      1.5680271080537826,
      1.4690214087619504,
      1.3338435269838618,
      1.1658219907985623,
      0.9690940480584418,
      0.7485037936163719,
      0.5094828916337977,
      0.2579168299824243,
      1.0095506134245344E-16
    ],
    [
      1.822118800390509,
      1.799685494324905,
      1.7329379585753018,
      1.623519738994226,
      1.4741250752860144,
      1.2884325598836264,
      1.071014558794394,
      0.8272246247741107,
      0.56306567509076,
      0.2850421797788366,
      1.115725978282226E-16
    ],
    [
      2.0137527074704766,
      1.988960070010481,
      1.915192634646805,
      1.7942668004581845,
      1.629160162812178,
      1.423938195085144,
      1.183654143215185,
      0.9142245980163871,
      0.6222838090769395,
      0.31502032751646064,
      1.2330679037390176E-16
    ],
    [
      2.225540928492468,
      2.1981408265892877,
      2.116615202324328,
      1.9829714871350268,
      1.8005004328274061,
      1.5736950823452294,
      1.3081401361411702,
      1.0103744383171105,
      0.6877299685811723,
      0.348151304573858,
      1.3627507872248647E-16
    ],
    [
      2.45960311115695,
      2.429321315381246,
      2.33922156636565,
      2.19152241895485,
      1.9898607163434654,
      1.739202038926609,
      1.4457184352307395,
      1.1166364455950877,
      0.7600591607649905,
      0.3847666969051251,
      1.506072538625615E-16
    ],
    [
      2.718281828459045,
      2.684815268420631,
      2.5852396460826794,
      2.422006843739695,
      2.199136194723973,
      1.9221155140795585,
      1.597765970342845,
      1.234074125735051,
      0.8399952804944506,
      0.4252329636635715,
      1.664467570201392E-16
    ]
  ]
}
