{
  "lx": 0.0,
  "rx": 1.0,
  "ly": 0.0,
  "ry": 1.5707963267948966,
  "h1": 0.1,
  "h2": 0.15707963267948966,
  "cntIter": 158,
  "u": [
    [
      1.0,
      0.9876883405951378,
      0.9510565162951535,
      0.8910065241883679,
      0.8090169943749475,
      0.7071067811865476,
      0.5877852522924731,
      0.4539904997395468,
      0.30901699437494745,
      0.15643446504023092,
      6.123233995736766E-17
    ],
    [
      1.0776445636521212,
      1.0776445636521212,
      1.0427211044747733,
      0.9793268509939633,
      0.8904695398482949,
      0.7788939076088418,
      0.6476293017544763,
      0.5000633045679974,
      0.33990283769762675,
      0.17107534098527546,
      -0.0025245008741016373
    ],
    [
      1.1818358061299516,
      1.1818358061299516,
      1.1460050741742294,
      1.0780467286574156,
      0.981208042724683,
      0.8587379545580387,
      0.7141559787206431,
      0.5513152447516964,
      0.3743751986555967,
      0.18772383064228812,
      -0.004133665963226896
    ],
    [
      1.3007028985100035,
      1.3007028985100035,
      1.2624632253782904,
      1.1886230325817795,
      1.0824840716162274,
      0.947690539912515,
      0.7882271282166483,
      0.6084236263477243,
      0.41292401532744993,
      0.20662199285692048,
      -0.005413332806291998
    ],
    [
      1.4352802025608926,
      1.4352802025608926,
      1.3935607456820331,
      1.312498354578624,
      1.1955790560484165,
      1.046843772911097,
      0.8707405733008869,
      0.6720892016557916,
      0.4560443643580198,
      0.2280360832190219,
      -0.006299192308659551
    ],
    [
      1.5870152684212349,
      1.5870152684212349,
      1.5408514824272468,
      1.4511513331697168,
      1.3218104855604202,
      1.157326538976161,
      0.9626262163311583,
      0.7430341763078884,
      0.504240818523691,
      0.25224046029752145,
      -0.006740071294916106
    ],
    [
      1.7577221747500082,
      1.7577221747500082,
      1.70604768005999,
      1.6061281978648403,
      1.462539130164434,
      1.2803056245887368,
      1.064845782624394,
      0.8220031743888037,
      0.5580290226678858,
      0.27951150070380404,
      -0.006706251159929455
    ],
    [
      1.949621467744673,
      1.949621467744673,
      1.8910449604346642,
      1.7790490783150361,
      1.6191716877181004,
      1.416988571427876,
      1.1783969341050318,
      0.9097665576954936,
      0.6179389367337419,
      0.31012937921559297,
      -0.006190156381197298
    ],
    [
      2.165473180851322,
      2.165473180851322,
      2.0979033198859387,
      1.971584423606635,
      1.7931558055241972,
      1.5686296579286512,
      1.3043210955237945,
      1.0071272303833851,
      0.6845195656154127,
      0.34438852981825446,
      -0.005198621742512732
    ],
    [
      2.4088641283355523,
      2.4088641283355523,
      2.32872511668999,
      2.185390708828098,
      1.985972058306693,
      1.7365408777349955,
      1.443717644719144,
      1.1149299335462515,
      0.7583427544610172,
      0.3826198079004833,
      -0.0037337453373803564
    ],
    [
      2.718281828459045,
      2.684815268420631,
      2.5852396460826794,
      2.422006843739695,
      2.199136194723973,
      1.9221155140795585,
      1.597765970342845,
      1.234074125735051,
      0.8399952804944506,
      0.4252329636635715,
      1.664467570201392E-16
    ]
  ]
}
