{
  "lx": 0.0,
  "rx": 1.0,
  "ly": 0.0,
  "ry": 1.5707963267948966,
  "h1": 0.1,
  "h2": 0.15707963267948966,
  "cntIter": 131,
  "u": [
    [
      1.0,
      0.9876883405951378,
      0.9510565162951535,
      0.8910065241883679,
      0.8090169943749475,
      0.7071067811865476,
      0.5877852522924731,
      0.4539904997395468,
      0.30901699437494745,
      0.15643446504023092,
      6.123233995736766E-17
    ],
    [
      1.077766659890552,
      1.0777981573827886,
      1.0429009452746827,
      0.9795278578546804,
      0.890686939492391,
      0.7791234292582035,
      0.6478672544496552,
      0.5003066918638314,
      0.34014930604613447,
      0.17132313637375304,
      -0.0022767054856240587
    ],
    [
      1.1820983514713908,
      1.1821568766808845,
      1.1463747386060168,
      1.0784553655422122,
      0.9816467064733487,
      0.8591986087029335,
      0.7146318174792293,
      0.5518007208052427,
      0.37486609121160797,
      0.18821700970573438,
      -0.0036404868997806372
    ],
    [
      1.3011050121079584,
      1.3011837012808323,
      1.263009102165526,
      1.1892208654063348,
      1.083121628959317,
      0.9483570002862733,
      0.7889132825616482,
      0.6091221657968497,
      0.41362937346059814,
      0.20733020273713754,
      -0.004705122926074945
    ],
    [
      1.4357997056111316,
      1.4358900703603508,
      1.3942450637211528,
      1.3132417703011934,
      1.1963674018747632,
      1.0476644592646627,
      0.8715831089141848,
      0.6729452243283129,
      0.456907725417583,
      0.22890243267421437,
      -0.005432842853467096
    ],
    [
      1.5876095733138917,
      1.5877023909337302,
      1.5416147570051062,
      1.4519747698704337,
      1.322679282718232,
      1.1582277462382202,
      0.9635489848769886,
      0.7439701001550333,
      0.505183713485085,
      0.25318615331592204,
      -0.005794378276515522
    ],
    [
      1.7583320425348816,
      1.758418276181962,
      1.7068142571259532,
      1.6069501102287453,
      1.4634025071859385,
      1.2811982729791003,
      1.065757706826071,
      0.8229265941335102,
      0.5589584335073743,
      0.2804432279726622,
      -0.005774523891071304
    ],
    [
      1.9501773615236406,
      1.950249020458314,
      1.8917308230369376,
      1.7797804938145183,
      1.6199369298169266,
      1.4177774929935476,
      1.179201169691715,
      0.9105797888367632,
      0.618756693459553,
      0.31094884399376116,
      -0.00537069160302911
    ],
    [
      2.165903395189707,
      2.165954255137852,
      2.098425612553178,
      1.9721387065218354,
      1.793733683763096,
      1.5692238302183503,
      1.3049256759385408,
      1.007737751608078,
      0.6851330025667893,
      0.34500300599528694,
      -0.004584145565480258
    ],
    [
      2.4091038321402554,
      2.409129952932532,
      2.329012014526276,
      2.185693874472874,
      1.9862871045515282,
      1.7368640494227,
      1.4440458961531033,
      1.115261025976134,
      0.758675173269564,
      0.38295267858405585,
      -0.003400874653807784
    ],
    [
      2.718281828459045,
      2.684815268420631,
      2.5852396460826794,
      2.422006843739695,
      2.199136194723973,
      1.9221155140795585,
      1.597765970342845,
      1.234074125735051,
      0.8399952804944506,
      0.4252329636635715,
      1.664467570201392E-16
    ]
  ]
}
