{
  "lx": 0.0,
  "rx": 1.0,
  "ly": 0.0,
  "ry": 1.5707963267948966,
  "h1": 0.1,
  "h2": 0.15707963267948966,
  "cntIter": 95,
  "u": [
    [
      1.0,
      0.9876883405951378,
      0.9510565162951535,
      0.8910065241883679,
      0.8090169943749475,
      0.7071067811865476,
      0.5877852522924731,
      0.4539904997395468,
      0.30901699437494745,
      0.15643446504023092,
      6.123233995736766E-17
    ],
    [
      1.0779840050970777,
      1.0780159207373796,
      1.0431174553672917,
      0.9797418160728927,
      0.8908974877415794,
      0.7793301842520248,
      0.6480703030950705,
      0.5005065474106608,
      0.3403468295340049,
      0.17151943196153285,
      -0.0020804098978442487
    ],
    [
      1.1825123435267697,
      1.18257096749251,
      1.1467859127203601,
      1.0788612964828073,
      0.9820458831845901,
      0.8595903992556474,
      0.7150164600895671,
      0.5521792417752729,
      0.3752401584060828,
      0.18858873766133646,
      -0.0032687589441785514
    ],
    [
      1.3016751239789304,
      1.301753044859696,
      1.2635737442517843,
      1.189777793848107,
      1.0836689234339563,
      0.9488939179413424,
      0.7894402454372504,
      0.6096406497902018,
      0.41414171066107247,
      0.20783931895504207,
      -0.004196006708170413
    ],
    [
      1.43646971862944,
      1.4365581785528274,
      1.3949068893442125,
      1.3138939868875752,
      1.1970079311827468,
      1.0482925696098104,
      0.8721994001972146,
      0.673551499802996,
      0.45750676405032165,
      0.22949768735034587,
      -0.004837588177335594
    ],
    [
      1.5883133206920794,
      1.5884031438916844,
      1.5423081616415941,
      1.4526575451516786,
      1.3233494235665546,
      1.1588846245152638,
      0.9641933335108658,
      0.744603880771987,
      0.5058098820352405,
      0.25380834981838674,
      -0.005172181774050821
    ],
    [
      1.7590001507385624,
      1.759082649482261,
      1.7074709828433177,
      1.6075962656959601,
      1.464036349115795,
      1.2818193312672375,
      1.0663667693881567,
      0.8235255833944106,
      0.5595501882350264,
      0.2810312148874539,
      -0.0051865369762795765
    ],
    [
      1.9507442825838317,
      1.950812055361011,
      1.8922868302384126,
      1.7803271486081462,
      1.6204728822223582,
      1.4183024456906375,
      1.1797158651096682,
      0.9110859061381528,
      0.6192566669795807,
      0.3114456235579887,
      -0.004873912038801553
    ],
    [
      2.1663140004752584,
      2.1663615533778504,
      2.098827451856352,
      1.9725335104338997,
      1.7941205636741329,
      1.5696026406654444,
      1.3052970052456394,
      1.0081028485428711,
      0.6854936473418421,
      0.34536134018800396,
      -0.004225811372763233
    ],
    [
      2.409318892337902,
      2.40934303612752,
      2.3292220554326297,
      2.185900101044283,
      1.986489095874978,
      1.7370617641151076,
      1.4442396674649784,
      1.1154515240279923,
      0.7588633387571837,
      0.3831396354749777,
      -0.0032139177628859317
    ],
    [
      2.718281828459045,
      2.684815268420631,
      2.5852396460826794,
      2.422006843739695,
      2.199136194723973,
      1.9221155140795585,
      1.597765970342845,
      1.234074125735051,
      0.8399952804944506,
      0.4252329636635715,
      1.664467570201392E-16
    ]
  ]
}
